match_id,invoice_id,po_id,gr_id,po_quantity,received_quantity,invoice_quantity,po_unit_price,invoice_unit_price,quantity_match,price_match,overall_status,action
MATCH00001,INV00001,PO00001,GR00001,500,500,500,250.0,250.0,Yes,Yes,Matched,Auto Approve
MATCH00002,INV00002,PO00002,GR00002,200,200,200,3500.0,3500.0,Yes,Yes,Matched,Auto Approve
MATCH00003,INV00003,PO00003,GR00003,100,100,100,650.0,650.0,Yes,Yes,Matched,Auto Approve
MATCH00004,INV00004,PO00004,GR00004,750,750,750,650.0,650.0,Yes,Yes,Matched,Auto Approve
MATCH00005,INV00005,PO00005,GR00005,750,750,750,8500.0,8500.0,Yes,Yes,Matched,Auto Approve
MATCH00006,INV00006,PO00006,GR00006,100,100,100,850.0,850.0,Yes,Yes,Matched,Auto Approve
MATCH00007,INV00007,PO00007,GR00007,200,200,200,3500.0,3500.0,Yes,Yes,Matched,Auto Approve
MATCH00008,INV00008,PO00008,GR00008,200,200,200,650.0,650.0,Yes,Yes,Matched,Auto Approve
MATCH00009,INV00009,PO00009,GR00009,50,50,50,1200.0,1200.0,Yes,Yes,Matched,Auto Approve
MATCH00010,INV00010,PO00010,GR00010,200,200,200,8500.0,8500.0,Yes,Yes,Matched,Auto Approve
MATCH00011,INV00011,PO00011,GR00011,200,200,200,850.0,850.0,Yes,Yes,Matched,Auto Approve
MATCH00012,INV00012,PO00012,GR00012,200,200,200,420.0,441.0,Yes,No,Anomaly,Hold Payment
MATCH00013,INV00013,PO00013,GR00013,100,100,100,5200.0,5200.0,Yes,Yes,Matched,Auto Approve
MATCH00014,INV00014,PO00014,GR00014,200,200,200,420.0,420.0,Yes,Yes,Matched,Auto Approve
MATCH00015,INV00015,PO00015,GR00015,200,200,200,250.0,250.0,Yes,Yes,Matched,Auto Approve
MATCH00016,INV00016,PO00016,GR00016,750,750,750,3500.0,3500.0,Yes,Yes,Matched,Auto Approve
MATCH00017,INV00017,PO00017,GR00017,750,750,750,3500.0,3500.0,Yes,Yes,Matched,Auto Approve
MATCH00018,INV00018,PO00018,GR00018,100,100,100,3500.0,3500.0,Yes,Yes,Matched,Auto Approve
MATCH00019,INV00019,PO00019,GR00019,500,500,500,120.0,120.0,Yes,Yes,Matched,Auto Approve
MATCH00020,INV00020,PO00020,GR00020,750,750,750,1200.0,1200.0,Yes,Yes,Matched,Auto Approve
MATCH00021,INV00021,PO00021,GR00021,50,50,50,1800.0,1800.0,Yes,Yes,Matched,Auto Approve
MATCH00022,INV00022,PO00022,GR00022,1000,1000,1000,3500.0,3500.0,Yes,Yes,Matched,Auto Approve
MATCH00023,INV00023,PO00023,GR00023,50,40,40,250.0,250.0,No,Yes,Anomaly,Hold Payment
MATCH00024,INV00024,PO00024,GR00024,300,300,300,250.0,250.0,Yes,Yes,Matched,Auto Approve
MATCH00025,INV00025,PO00025,GR00025,100,100,100,180.0,180.0,Yes,Yes,Matched,Auto Approve
MATCH00026,INV00026,PO00026,GR00026,200,200,200,180.0,180.0,Yes,Yes,Matched,Auto Approve
MATCH00027,INV00027,PO00027,GR00027,100,100,100,650.0,650.0,Yes,Yes,Matched,Auto Approve
MATCH00028,INV00028,PO00028,GR00028,500,500,500,180.0,180.0,Yes,Yes,Matched,Auto Approve
MATCH00029,INV00029,PO00029,GR00029,100,100,100,250.0,250.0,Yes,Yes,Matched,Auto Approve
MATCH00030,INV00030,PO00030,GR00030,50,50,50,250.0,250.0,Yes,Yes,Matched,Auto Approve
MATCH00031,INV00031,PO00031,GR00031,500,500,500,1800.0,1890.0,Yes,No,Anomaly,Hold Payment
MATCH00032,INV00032,PO00032,GR00032,300,300,300,18500.0,18500.0,Yes,Yes,Matched,Auto Approve
MATCH00033,INV00033,PO00033,GR00033,1000,1000,1000,120.0,120.0,Yes,Yes,Matched,Auto Approve
MATCH00034,INV00034,PO00034,GR00034,750,750,750,250.0,250.0,Yes,Yes,Matched,Auto Approve
MATCH00035,INV00035,PO00035,GR00035,300,300,300,1800.0,1800.0,Yes,Yes,Matched,Auto Approve
MATCH00036,INV00036,PO00036,GR00036,750,750,750,18500.0,18500.0,Yes,Yes,Matched,Auto Approve
MATCH00037,INV00037,PO00037,GR00037,1000,1000,1000,3500.0,3500.0,Yes,Yes,Matched,Auto Approve
MATCH00038,INV00038,PO00038,GR00038,50,50,50,420.0,420.0,Yes,Yes,Matched,Auto Approve
MATCH00039,INV00039,PO00039,GR00039,1000,1000,1000,250.0,250.0,Yes,Yes,Matched,Auto Approve
MATCH00040,INV00040,PO00040,GR00040,1000,1000,1000,850.0,850.0,Yes,Yes,Matched,Auto Approve
MATCH00041,INV00041,PO00041,GR00041,300,300,300,180.0,180.0,Yes,Yes,Matched,Auto Approve
MATCH00042,INV00042,PO00042,GR00042,100,100,100,3500.0,3500.0,Yes,Yes,Matched,Auto Approve
MATCH00043,INV00043,PO00043,GR00043,500,500,500,1200.0,1200.0,Yes,Yes,Matched,Auto Approve
MATCH00044,INV00044,PO00044,GR00044,100,100,100,3500.0,3500.0,Yes,Yes,Matched,Auto Approve
MATCH00045,INV00045,PO00045,GR00045,1000,1000,1000,1200.0,1200.0,Yes,Yes,Matched,Auto Approve
MATCH00046,INV00046,PO00046,GR00046,500,500,500,420.0,420.0,Yes,Yes,Matched,Auto Approve
MATCH00047,INV00047,PO00047,GR00047,750,750,750,180.0,180.0,Yes,Yes,Matched,Auto Approve
MATCH00048,INV00048,PO00048,GR00048,500,500,500,850.0,850.0,Yes,Yes,Matched,Auto Approve
MATCH00049,INV00049,PO00049,GR00049,50,50,50,3500.0,3500.0,Yes,Yes,Matched,Auto Approve
MATCH00050,INV00050,PO00050,GR00050,1000,1000,1000,18500.0,18500.0,Yes,Yes,Matched,Auto Approve
MATCH00051,INV00051,PO00051,GR00051,50,50,50,1200.0,1200.0,Yes,Yes,Matched,Auto Approve
MATCH00052,INV00052,PO00052,GR00052,100,100,100,850.0,850.0,Yes,Yes,Matched,Auto Approve
MATCH00053,INV00053,PO00053,GR00053,750,750,750,120.0,120.0,Yes,Yes,Matched,Auto Approve
MATCH00054,INV00054,PO00054,GR00054,50,50,50,1200.0,1200.0,Yes,Yes,Matched,Auto Approve
MATCH00055,INV00055,PO00055,GR00055,500,500,500,180.0,180.0,Yes,Yes,Matched,Auto Approve
MATCH00056,INV00056,PO00056,GR00056,50,50,50,850.0,850.0,Yes,Yes,Matched,Auto Approve
MATCH00057,INV00057,PO00057,GR00057,750,745,745,5200.0,5200.0,No,Yes,Anomaly,Hold Payment
MATCH00058,INV00058,PO00058,GR00058,300,300,300,420.0,420.0,Yes,Yes,Matched,Auto Approve
MATCH00059,INV00059,PO00059,GR00059,200,200,200,18500.0,18500.0,Yes,Yes,Matched,Auto Approve
MATCH00060,INV00060,PO00060,GR00060,300,300,300,180.0,180.0,Yes,Yes,Matched,Auto Approve
MATCH00061,INV00061,PO00061,GR00061,500,500,500,250.0,250.0,Yes,Yes,Matched,Auto Approve
MATCH00062,INV00062,PO00062,GR00062,50,50,50,850.0,850.0,Yes,Yes,Matched,Auto Approve
MATCH00063,INV00063,PO00063,GR00063,1000,1000,1000,420.0,420.0,Yes,Yes,Matched,Auto Approve
MATCH00064,INV00064,PO00064,GR00064,300,300,300,1800.0,1980.0,Yes,No,Anomaly,Hold Payment
MATCH00065,INV00065,PO00065,GR00065,100,100,100,420.0,420.0,Yes,Yes,Matched,Auto Approve
MATCH00066,INV00066,PO00066,GR00066,200,200,200,1200.0,1200.0,Yes,Yes,Matched,Auto Approve
MATCH00067,INV00067,PO00067,GR00067,50,50,50,1800.0,1800.0,Yes,Yes,Matched,Auto Approve
MATCH00068,INV00068,PO00068,GR00068,1000,1000,1000,5200.0,5200.0,Yes,Yes,Matched,Auto Approve
MATCH00069,INV00069,PO00069,GR00069,750,750,750,120.0,120.0,Yes,Yes,Matched,Auto Approve
MATCH00070,INV00070,PO00070,GR00070,200,200,200,420.0,420.0,Yes,Yes,Matched,Auto Approve
MATCH00071,INV00071,PO00071,GR00071,200,200,200,3500.0,3500.0,Yes,Yes,Matched,Auto Approve
MATCH00072,INV00072,PO00072,GR00072,1000,1000,1000,1200.0,1200.0,Yes,Yes,Matched,Auto Approve
MATCH00073,INV00073,PO00073,GR00073,750,750,750,420.0,420.0,Yes,Yes,Matched,Auto Approve
MATCH00074,INV00074,PO00074,GR00074,50,50,50,1800.0,1800.0,Yes,Yes,Matched,Auto Approve
MATCH00075,INV00075,PO00075,GR00075,1000,1000,1000,18500.0,18500.0,Yes,Yes,Matched,Auto Approve
MATCH00076,INV00076,PO00076,GR00076,200,200,200,420.0,420.0,Yes,Yes,Matched,Auto Approve
MATCH00077,INV00077,PO00077,GR00077,200,200,200,180.0,180.0,Yes,Yes,Matched,Auto Approve
MATCH00078,INV00078,PO00078,GR00078,750,750,750,180.0,198.0,Yes,No,Anomaly,Hold Payment
MATCH00079,INV00079,PO00079,GR00079,750,750,750,850.0,850.0,Yes,Yes,Matched,Auto Approve
MATCH00080,INV00080,PO00080,GR00080,200,200,200,650.0,650.0,Yes,Yes,Matched,Auto Approve
MATCH00081,INV00081,PO00081,GR00081,50,50,50,18500.0,18500.0,Yes,Yes,Matched,Auto Approve
MATCH00082,INV00082,PO00082,GR00082,1000,1000,1000,180.0,180.0,Yes,Yes,Matched,Auto Approve
MATCH00083,INV00083,PO00083,GR00083,500,480,480,120.0,120.0,No,Yes,Anomaly,Hold Payment
MATCH00084,INV00084,PO00084,GR00084,100,100,100,650.0,650.0,Yes,Yes,Matched,Auto Approve
MATCH00085,INV00085,PO00085,GR00085,100,100,100,250.0,250.0,Yes,Yes,Matched,Auto Approve
MATCH00086,INV00086,PO00086,GR00086,200,200,200,18500.0,18500.0,Yes,Yes,Matched,Auto Approve
MATCH00087,INV00087,PO00087,GR00087,300,300,300,3500.0,3500.0,Yes,Yes,Matched,Auto Approve
MATCH00088,INV00088,PO00088,GR00088,500,500,500,5200.0,5200.0,Yes,Yes,Matched,Auto Approve
MATCH00089,INV00089,PO00089,GR00089,500,500,500,250.0,250.0,Yes,Yes,Matched,Auto Approve
MATCH00090,INV00090,PO00090,GR00090,200,200,200,18500.0,18500.0,Yes,Yes,Matched,Auto Approve
MATCH00091,INV00091,PO00091,GR00091,50,50,50,850.0,850.0,Yes,Yes,Matched,Auto Approve
MATCH00092,INV00092,PO00092,GR00092,200,200,200,250.0,250.0,Yes,Yes,Matched,Auto Approve
MATCH00093,INV00093,PO00093,GR00093,100,100,100,250.0,250.0,Yes,Yes,Matched,Auto Approve
MATCH00094,INV00094,PO00094,GR00094,300,300,300,1800.0,1800.0,Yes,Yes,Matched,Auto Approve
MATCH00095,INV00095,PO00095,GR00095,500,500,500,120.0,120.0,Yes,Yes,Matched,Auto Approve
MATCH00096,INV00096,PO00096,GR00096,200,200,200,120.0,132.0,Yes,No,Anomaly,Hold Payment
MATCH00097,INV00097,PO00097,GR00097,200,200,200,120.0,120.0,Yes,Yes,Matched,Auto Approve
MATCH00098,INV00098,PO00098,GR00098,50,50,50,650.0,650.0,Yes,Yes,Matched,Auto Approve
MATCH00099,INV00099,PO00099,GR00099,1000,1000,1000,850.0,850.0,Yes,Yes,Matched,Auto Approve
MATCH00100,INV00100,PO00100,GR00100,100,100,100,650.0,650.0,Yes,Yes,Matched,Auto Approve
